<?xml version="1.0" encoding="UTF-8"?>
<project-private xmlns="http://www.netbeans.org/ns/project-private/1">
    <editor-bookmarks xmlns="http://www.netbeans.org/ns/editor-bookmarks/2" lastBookmarkId="0"/>
    <open-files xmlns="http://www.netbeans.org/ns/projectui-open-files/2">
        <group>
            <file>file:/home/w0lfer/NetBeansProjects/testCalc/nbproject/project.properties</file>
            <file>file:/home/w0lfer/NetBeansProjects/testCalc/src/testcalc/FXMLDocument.fxml</file>
            <file>file:/home/w0lfer/NetBeansProjects/testCalc/src/testcalc/TestCalc.java</file>
            <file>file:/home/w0lfer/NetBeansProjects/testCalc/src/testcalc/FXMLDocumentController.java</file>
        </group>
    </open-files>
</project-private>
